{
  "metamask": {
    "isInitialized": true,
    "isUnlocked": true,
    "rpcTarget": "https://rawtestrpc.metamask.io/",
    "identities": {
      "0x07284e146926a4facd0ea60598dc4f001ad620f1": {
        "address": "0x07284e146926a4facd0ea60598dc4f001ad620f1",
        "name": "Account 1"
      }
    },
    "unapprovedTxs": {},
    "noActiveNotices": true,
    "frequentRpcList": [],
    "addressBook": [],
    "network": "3",
    "accounts": {
      "0x07284e146926a4facd0ea60598dc4f001ad620f1": {
        "code": "0x",
        "nonce": "0x0",
        "balance": "0x0",
        "address": "0x07284e146926a4facd0ea60598dc4f001ad620f1"
      }
    },
    "transactions": {},
    "selectedAddressTxList": [],
    "unapprovedMsgs": {},
    "unapprovedMsgCount": 0,
    "unapprovedPersonalMsgs": {},
    "unapprovedPersonalMsgCount": 0,
    "keyringTypes": [
      "Simple Key Pair",
      "HD Key Tree"
    ],
    "keyrings": [
      {
        "type": "HD Key Tree",
        "accounts": [
          "07284e146926a4facd0ea60598dc4f001ad620f1"
        ]
      }
    ],
    "selectedAddress": "0x07284e146926a4facd0ea60598dc4f001ad620f1",
    "currentCurrency": "USD",
    "conversionRate": 43.35903476,
    "conversionDate": 1490105102,
    "provider": {
      "type": "testnet"
    },
    "shapeShiftTxList": [],
    "lostAccounts": [],
    "seedWords": null
  },
  "appState": {
    "menuOpen": false,
    "currentView": {
      "name": "accountDetail",
      "context": "0x07284e146926a4facd0ea60598dc4f001ad620f1"
    },
    "accountDetail": {
      "subview": "export",
      "accountExport": "requested"
    },
    "transForward": true,
    "isLoading": false,
    "warning": null
  },
  "identities": {}
}
